"filename", "language", "Properties", "JavaScript", "XML", "PowerShell", "Shell Script", "JSON", "HTML", "SCSS", "CSS", "comment", "blank", "total"
"c:\Users\gorka\workspace\WacLine\input\.editorconfig", "Properties", 9, 0, 0, 0, 0, 0, 0, 0, 0, 1, 3, 13
"c:\Users\gorka\workspace\WacLine\input\.gitattributes", "Properties", 1, 0, 0, 0, 0, 0, 0, 0, 0, 0, 1, 2
"c:\Users\gorka\workspace\WacLine\input\.idea\misc.xml", "XML", 0, 0, 9, 0, 0, 0, 0, 0, 0, 0, 0, 9
"c:\Users\gorka\workspace\WacLine\input\.idea\modules.xml", "XML", 0, 0, 8, 0, 0, 0, 0, 0, 0, 0, 0, 8
"c:\Users\gorka\workspace\WacLine\input\.idea\vcs.xml", "XML", 0, 0, 6, 0, 0, 0, 0, 0, 0, 0, 0, 6
"c:\Users\gorka\workspace\WacLine\input\app\_locales\en\messages.json", "JSON", 0, 0, 0, 0, 0, 119, 0, 0, 0, 0, 1, 120
"c:\Users\gorka\workspace\WacLine\input\app\content\browserStorage\browserStorageSearch.html", "HTML", 0, 0, 0, 0, 0, 0, 28, 0, 0, 0, 1, 29
"c:\Users\gorka\workspace\WacLine\input\app\content\pdfjs\build\pdf.js", "JavaScript", 0, 17490, 0, 0, 0, 0, 0, 0, 0, 156, 892, 18538
"c:\Users\gorka\workspace\WacLine\input\app\content\pdfjs\build\pdf.worker.js", "JavaScript", 0, 44374, 0, 0, 0, 0, 0, 0, 0, 175, 958, 45507
"c:\Users\gorka\workspace\WacLine\input\app\content\pdfjs\web\images\annotation-check.svg", "XML", 0, 0, 11, 0, 0, 0, 0, 0, 0, 0, 1, 12
"c:\Users\gorka\workspace\WacLine\input\app\content\pdfjs\web\images\annotation-comment.svg", "XML", 0, 0, 16, 0, 0, 0, 0, 0, 0, 0, 1, 17
"c:\Users\gorka\workspace\WacLine\input\app\content\pdfjs\web\images\annotation-help.svg", "XML", 0, 0, 26, 0, 0, 0, 0, 0, 0, 0, 1, 27
"c:\Users\gorka\workspace\WacLine\input\app\content\pdfjs\web\images\annotation-insert.svg", "XML", 0, 0, 10, 0, 0, 0, 0, 0, 0, 0, 1, 11
"c:\Users\gorka\workspace\WacLine\input\app\content\pdfjs\web\images\annotation-key.svg", "XML", 0, 0, 11, 0, 0, 0, 0, 0, 0, 0, 1, 12
"c:\Users\gorka\workspace\WacLine\input\app\content\pdfjs\web\images\annotation-newparagraph.svg", "XML", 0, 0, 11, 0, 0, 0, 0, 0, 0, 0, 1, 12
"c:\Users\gorka\workspace\WacLine\input\app\content\pdfjs\web\images\annotation-noicon.svg", "XML", 0, 0, 7, 0, 0, 0, 0, 0, 0, 0, 1, 8
"c:\Users\gorka\workspace\WacLine\input\app\content\pdfjs\web\images\annotation-note.svg", "XML", 0, 0, 42, 0, 0, 0, 0, 0, 0, 0, 1, 43
"c:\Users\gorka\workspace\WacLine\input\app\content\pdfjs\web\images\annotation-paragraph.svg", "XML", 0, 0, 16, 0, 0, 0, 0, 0, 0, 0, 1, 17
"c:\Users\gorka\workspace\WacLine\input\app\content\pdfjs\web\locale\ach\viewer.properties", "Properties", 108, 0, 0, 0, 0, 0, 0, 0, 0, 56, 16, 180
"c:\Users\gorka\workspace\WacLine\input\app\content\pdfjs\web\locale\af\viewer.properties", "Properties", 113, 0, 0, 0, 0, 0, 0, 0, 0, 56, 16, 185
"c:\Users\gorka\workspace\WacLine\input\app\content\pdfjs\web\locale\ak\viewer.properties", "Properties", 59, 0, 0, 0, 0, 0, 0, 0, 0, 56, 16, 131
"c:\Users\gorka\workspace\WacLine\input\app\content\pdfjs\web\locale\an\viewer.properties", "Properties", 113, 0, 0, 0, 0, 0, 0, 0, 0, 56, 16, 185
"c:\Users\gorka\workspace\WacLine\input\app\content\pdfjs\web\locale\ar\viewer.properties", "Properties", 113, 0, 0, 0, 0, 0, 0, 0, 0, 56, 16, 185
"c:\Users\gorka\workspace\WacLine\input\app\content\pdfjs\web\locale\as\viewer.properties", "Properties", 96, 0, 0, 0, 0, 0, 0, 0, 0, 56, 16, 168
"c:\Users\gorka\workspace\WacLine\input\app\content\pdfjs\web\locale\ast\viewer.properties", "Properties", 106, 0, 0, 0, 0, 0, 0, 0, 0, 56, 16, 178
"c:\Users\gorka\workspace\WacLine\input\app\content\pdfjs\web\locale\az\viewer.properties", "Properties", 113, 0, 0, 0, 0, 0, 0, 0, 0, 56, 16, 185
"c:\Users\gorka\workspace\WacLine\input\app\content\pdfjs\web\locale\be\viewer.properties", "Properties", 113, 0, 0, 0, 0, 0, 0, 0, 0, 56, 16, 185
"c:\Users\gorka\workspace\WacLine\input\app\content\pdfjs\web\locale\bg\viewer.properties", "Properties", 113, 0, 0, 0, 0, 0, 0, 0, 0, 56, 16, 185
"c:\Users\gorka\workspace\WacLine\input\app\content\pdfjs\web\locale\bn-BD\viewer.properties", "Properties", 113, 0, 0, 0, 0, 0, 0, 0, 0, 56, 16, 185
"c:\Users\gorka\workspace\WacLine\input\app\content\pdfjs\web\locale\bn-IN\viewer.properties", "Properties", 106, 0, 0, 0, 0, 0, 0, 0, 0, 56, 16, 178
"c:\Users\gorka\workspace\WacLine\input\app\content\pdfjs\web\locale\br\viewer.properties", "Properties", 109, 0, 0, 0, 0, 0, 0, 0, 0, 56, 16, 181
"c:\Users\gorka\workspace\WacLine\input\app\content\pdfjs\web\locale\bs\viewer.properties", "Properties", 113, 0, 0, 0, 0, 0, 0, 0, 0, 56, 16, 185
"c:\Users\gorka\workspace\WacLine\input\app\content\pdfjs\web\locale\ca\viewer.properties", "Properties", 113, 0, 0, 0, 0, 0, 0, 0, 0, 56, 16, 185
"c:\Users\gorka\workspace\WacLine\input\app\content\pdfjs\web\locale\cs\viewer.properties", "Properties", 113, 0, 0, 0, 0, 0, 0, 0, 0, 56, 16, 185
"c:\Users\gorka\workspace\WacLine\input\app\content\pdfjs\web\locale\csb\viewer.properties", "Properties", 79, 0, 0, 0, 0, 0, 0, 0, 0, 28, 28, 135
"c:\Users\gorka\workspace\WacLine\input\app\content\pdfjs\web\locale\cy\viewer.properties", "Properties", 113, 0, 0, 0, 0, 0, 0, 0, 0, 56, 16, 185
"c:\Users\gorka\workspace\WacLine\input\app\content\pdfjs\web\locale\da\viewer.properties", "Properties", 113, 0, 0, 0, 0, 0, 0, 0, 0, 56, 16, 185
"c:\Users\gorka\workspace\WacLine\input\app\content\pdfjs\web\locale\de\viewer.properties", "Properties", 113, 0, 0, 0, 0, 0, 0, 0, 0, 56, 16, 185
"c:\Users\gorka\workspace\WacLine\input\app\content\pdfjs\web\locale\el\viewer.properties", "Properties", 113, 0, 0, 0, 0, 0, 0, 0, 0, 56, 16, 185
"c:\Users\gorka\workspace\WacLine\input\app\content\pdfjs\web\locale\en-GB\viewer.properties", "Properties", 113, 0, 0, 0, 0, 0, 0, 0, 0, 56, 16, 185
"c:\Users\gorka\workspace\WacLine\input\app\content\pdfjs\web\locale\en-US\viewer.properties", "Properties", 113, 0, 0, 0, 0, 0, 0, 0, 0, 56, 16, 185
"c:\Users\gorka\workspace\WacLine\input\app\content\pdfjs\web\locale\en-ZA\viewer.properties", "Properties", 99, 0, 0, 0, 0, 0, 0, 0, 0, 56, 16, 171
"c:\Users\gorka\workspace\WacLine\input\app\content\pdfjs\web\locale\eo\viewer.properties", "Properties", 113, 0, 0, 0, 0, 0, 0, 0, 0, 56, 16, 185
"c:\Users\gorka\workspace\WacLine\input\app\content\pdfjs\web\locale\es-AR\viewer.properties", "Properties", 113, 0, 0, 0, 0, 0, 0, 0, 0, 56, 16, 185
"c:\Users\gorka\workspace\WacLine\input\app\content\pdfjs\web\locale\es-CL\viewer.properties", "Properties", 113, 0, 0, 0, 0, 0, 0, 0, 0, 56, 16, 185
"c:\Users\gorka\workspace\WacLine\input\app\content\pdfjs\web\locale\es-ES\viewer.properties", "Properties", 113, 0, 0, 0, 0, 0, 0, 0, 0, 3, 2, 118
"c:\Users\gorka\workspace\WacLine\input\app\content\pdfjs\web\locale\es-MX\viewer.properties", "Properties", 113, 0, 0, 0, 0, 0, 0, 0, 0, 56, 16, 185
"c:\Users\gorka\workspace\WacLine\input\app\content\pdfjs\web\locale\et\viewer.properties", "Properties", 113, 0, 0, 0, 0, 0, 0, 0, 0, 56, 16, 185
"c:\Users\gorka\workspace\WacLine\input\app\content\pdfjs\web\locale\eu\viewer.properties", "Properties", 113, 0, 0, 0, 0, 0, 0, 0, 0, 56, 16, 185
"c:\Users\gorka\workspace\WacLine\input\app\content\pdfjs\web\locale\fa\viewer.properties", "Properties", 113, 0, 0, 0, 0, 0, 0, 0, 0, 56, 16, 185
"c:\Users\gorka\workspace\WacLine\input\app\content\pdfjs\web\locale\ff\viewer.properties", "Properties", 113, 0, 0, 0, 0, 0, 0, 0, 0, 56, 16, 185
"c:\Users\gorka\workspace\WacLine\input\app\content\pdfjs\web\locale\fi\viewer.properties", "Properties", 113, 0, 0, 0, 0, 0, 0, 0, 0, 56, 16, 185
"c:\Users\gorka\workspace\WacLine\input\app\content\pdfjs\web\locale\fr\viewer.properties", "Properties", 113, 0, 0, 0, 0, 0, 0, 0, 0, 56, 16, 185
"c:\Users\gorka\workspace\WacLine\input\app\content\pdfjs\web\locale\fy-NL\viewer.properties", "Properties", 113, 0, 0, 0, 0, 0, 0, 0, 0, 56, 16, 185
"c:\Users\gorka\workspace\WacLine\input\app\content\pdfjs\web\locale\ga-IE\viewer.properties", "Properties", 113, 0, 0, 0, 0, 0, 0, 0, 0, 56, 16, 185
"c:\Users\gorka\workspace\WacLine\input\app\content\pdfjs\web\locale\gd\viewer.properties", "Properties", 113, 0, 0, 0, 0, 0, 0, 0, 0, 56, 16, 185
"c:\Users\gorka\workspace\WacLine\input\app\content\pdfjs\web\locale\gl\viewer.properties", "Properties", 97, 0, 0, 0, 0, 0, 0, 0, 0, 56, 16, 169
"c:\Users\gorka\workspace\WacLine\input\app\content\pdfjs\web\locale\gu-IN\viewer.properties", "Properties", 113, 0, 0, 0, 0, 0, 0, 0, 0, 56, 16, 185
"c:\Users\gorka\workspace\WacLine\input\app\content\pdfjs\web\locale\he\viewer.properties", "Properties", 113, 0, 0, 0, 0, 0, 0, 0, 0, 56, 16, 185
"c:\Users\gorka\workspace\WacLine\input\app\content\pdfjs\web\locale\hi-IN\viewer.properties", "Properties", 112, 0, 0, 0, 0, 0, 0, 0, 0, 56, 16, 184
"c:\Users\gorka\workspace\WacLine\input\app\content\pdfjs\web\locale\hr\viewer.properties", "Properties", 113, 0, 0, 0, 0, 0, 0, 0, 0, 56, 16, 185
"c:\Users\gorka\workspace\WacLine\input\app\content\pdfjs\web\locale\hu\viewer.properties", "Properties", 113, 0, 0, 0, 0, 0, 0, 0, 0, 56, 16, 185
"c:\Users\gorka\workspace\WacLine\input\app\content\pdfjs\web\locale\hy-AM\viewer.properties", "Properties", 113, 0, 0, 0, 0, 0, 0, 0, 0, 56, 16, 185
"c:\Users\gorka\workspace\WacLine\input\app\content\pdfjs\web\locale\id\viewer.properties", "Properties", 113, 0, 0, 0, 0, 0, 0, 0, 0, 56, 16, 185
"c:\Users\gorka\workspace\WacLine\input\app\content\pdfjs\web\locale\is\viewer.properties", "Properties", 113, 0, 0, 0, 0, 0, 0, 0, 0, 56, 16, 185
"c:\Users\gorka\workspace\WacLine\input\app\content\pdfjs\web\locale\it\viewer.properties", "Properties", 113, 0, 0, 0, 0, 0, 0, 0, 0, 3, 2, 118
"c:\Users\gorka\workspace\WacLine\input\app\content\pdfjs\web\locale\ja\viewer.properties", "Properties", 113, 0, 0, 0, 0, 0, 0, 0, 0, 56, 16, 185
"c:\Users\gorka\workspace\WacLine\input\app\content\pdfjs\web\locale\ka\viewer.properties", "Properties", 113, 0, 0, 0, 0, 0, 0, 0, 0, 56, 16, 185
"c:\Users\gorka\workspace\WacLine\input\app\content\pdfjs\web\locale\kk\viewer.properties", "Properties", 113, 0, 0, 0, 0, 0, 0, 0, 0, 56, 16, 185
"c:\Users\gorka\workspace\WacLine\input\app\content\pdfjs\web\locale\km\viewer.properties", "Properties", 113, 0, 0, 0, 0, 0, 0, 0, 0, 56, 16, 185
"c:\Users\gorka\workspace\WacLine\input\app\content\pdfjs\web\locale\kn\viewer.properties", "Properties", 111, 0, 0, 0, 0, 0, 0, 0, 0, 56, 16, 183
"c:\Users\gorka\workspace\WacLine\input\app\content\pdfjs\web\locale\ko\viewer.properties", "Properties", 113, 0, 0, 0, 0, 0, 0, 0, 0, 56, 16, 185
"c:\Users\gorka\workspace\WacLine\input\app\content\pdfjs\web\locale\ku\viewer.properties", "Properties", 75, 0, 0, 0, 0, 0, 0, 0, 0, 56, 16, 147
"c:\Users\gorka\workspace\WacLine\input\app\content\pdfjs\web\locale\lg\viewer.properties", "Properties", 41, 0, 0, 0, 0, 0, 0, 0, 0, 56, 16, 113
"c:\Users\gorka\workspace\WacLine\input\app\content\pdfjs\web\locale\lij\viewer.properties", "Properties", 109, 0, 0, 0, 0, 0, 0, 0, 0, 56, 16, 181
"c:\Users\gorka\workspace\WacLine\input\app\content\pdfjs\web\locale\locale.properties", "Properties", 208, 0, 0, 0, 0, 0, 0, 0, 0, 0, 105, 313
"c:\Users\gorka\workspace\WacLine\input\app\content\pdfjs\web\locale\lt\viewer.properties", "Properties", 113, 0, 0, 0, 0, 0, 0, 0, 0, 56, 16, 185
"c:\Users\gorka\workspace\WacLine\input\app\content\pdfjs\web\locale\lv\viewer.properties", "Properties", 113, 0, 0, 0, 0, 0, 0, 0, 0, 56, 16, 185
"c:\Users\gorka\workspace\WacLine\input\app\content\pdfjs\web\locale\mai\viewer.properties", "Properties", 97, 0, 0, 0, 0, 0, 0, 0, 0, 56, 16, 169
"c:\Users\gorka\workspace\WacLine\input\app\content\pdfjs\web\locale\mk\viewer.properties", "Properties", 62, 0, 0, 0, 0, 0, 0, 0, 0, 56, 16, 134
"c:\Users\gorka\workspace\WacLine\input\app\content\pdfjs\web\locale\ml\viewer.properties", "Properties", 97, 0, 0, 0, 0, 0, 0, 0, 0, 56, 16, 169
"c:\Users\gorka\workspace\WacLine\input\app\content\pdfjs\web\locale\mn\viewer.properties", "Properties", 11, 0, 0, 0, 0, 0, 0, 0, 0, 56, 16, 83
"c:\Users\gorka\workspace\WacLine\input\app\content\pdfjs\web\locale\mr\viewer.properties", "Properties", 113, 0, 0, 0, 0, 0, 0, 0, 0, 56, 16, 185
"c:\Users\gorka\workspace\WacLine\input\app\content\pdfjs\web\locale\ms\viewer.properties", "Properties", 113, 0, 0, 0, 0, 0, 0, 0, 0, 56, 16, 185
"c:\Users\gorka\workspace\WacLine\input\app\content\pdfjs\web\locale\my\viewer.properties", "Properties", 109, 0, 0, 0, 0, 0, 0, 0, 0, 56, 16, 181
"c:\Users\gorka\workspace\WacLine\input\app\content\pdfjs\web\locale\nb-NO\viewer.properties", "Properties", 113, 0, 0, 0, 0, 0, 0, 0, 0, 56, 16, 185
"c:\Users\gorka\workspace\WacLine\input\app\content\pdfjs\web\locale\nl\viewer.properties", "Properties", 113, 0, 0, 0, 0, 0, 0, 0, 0, 56, 16, 185
"c:\Users\gorka\workspace\WacLine\input\app\content\pdfjs\web\locale\nn-NO\viewer.properties", "Properties", 113, 0, 0, 0, 0, 0, 0, 0, 0, 56, 16, 185
"c:\Users\gorka\workspace\WacLine\input\app\content\pdfjs\web\locale\nso\viewer.properties", "Properties", 59, 0, 0, 0, 0, 0, 0, 0, 0, 56, 16, 131
"c:\Users\gorka\workspace\WacLine\input\app\content\pdfjs\web\locale\oc\viewer.properties", "Properties", 113, 0, 0, 0, 0, 0, 0, 0, 0, 56, 16, 185
"c:\Users\gorka\workspace\WacLine\input\app\content\pdfjs\web\locale\or\viewer.properties", "Properties", 96, 0, 0, 0, 0, 0, 0, 0, 0, 56, 16, 168
"c:\Users\gorka\workspace\WacLine\input\app\content\pdfjs\web\locale\pa-IN\viewer.properties", "Properties", 113, 0, 0, 0, 0, 0, 0, 0, 0, 56, 16, 185
"c:\Users\gorka\workspace\WacLine\input\app\content\pdfjs\web\locale\pl\viewer.properties", "Properties", 113, 0, 0, 0, 0, 0, 0, 0, 0, 3, 16, 132
"c:\Users\gorka\workspace\WacLine\input\app\content\pdfjs\web\locale\pt-BR\viewer.properties", "Properties", 113, 0, 0, 0, 0, 0, 0, 0, 0, 56, 16, 185
"c:\Users\gorka\workspace\WacLine\input\app\content\pdfjs\web\locale\pt-PT\viewer.properties", "Properties", 113, 0, 0, 0, 0, 0, 0, 0, 0, 56, 16, 185
"c:\Users\gorka\workspace\WacLine\input\app\content\pdfjs\web\locale\rm\viewer.properties", "Properties", 113, 0, 0, 0, 0, 0, 0, 0, 0, 56, 16, 185
"c:\Users\gorka\workspace\WacLine\input\app\content\pdfjs\web\locale\ro\viewer.properties", "Properties", 113, 0, 0, 0, 0, 0, 0, 0, 0, 56, 16, 185
"c:\Users\gorka\workspace\WacLine\input\app\content\pdfjs\web\locale\ru\viewer.properties", "Properties", 113, 0, 0, 0, 0, 0, 0, 0, 0, 56, 16, 185
"c:\Users\gorka\workspace\WacLine\input\app\content\pdfjs\web\locale\rw\viewer.properties", "Properties", 10, 0, 0, 0, 0, 0, 0, 0, 0, 56, 16, 82
"c:\Users\gorka\workspace\WacLine\input\app\content\pdfjs\web\locale\sah\viewer.properties", "Properties", 95, 0, 0, 0, 0, 0, 0, 0, 0, 56, 16, 167
"c:\Users\gorka\workspace\WacLine\input\app\content\pdfjs\web\locale\si\viewer.properties", "Properties", 100, 0, 0, 0, 0, 0, 0, 0, 0, 56, 16, 172
"c:\Users\gorka\workspace\WacLine\input\app\content\pdfjs\web\locale\sk\viewer.properties", "Properties", 113, 0, 0, 0, 0, 0, 0, 0, 0, 56, 16, 185
"c:\Users\gorka\workspace\WacLine\input\app\content\pdfjs\web\locale\sl\viewer.properties", "Properties", 113, 0, 0, 0, 0, 0, 0, 0, 0, 56, 16, 185
"c:\Users\gorka\workspace\WacLine\input\app\content\pdfjs\web\locale\son\viewer.properties", "Properties", 109, 0, 0, 0, 0, 0, 0, 0, 0, 56, 16, 181
"c:\Users\gorka\workspace\WacLine\input\app\content\pdfjs\web\locale\sq\viewer.properties", "Properties", 113, 0, 0, 0, 0, 0, 0, 0, 0, 56, 16, 185
"c:\Users\gorka\workspace\WacLine\input\app\content\pdfjs\web\locale\sr\viewer.properties", "Properties", 113, 0, 0, 0, 0, 0, 0, 0, 0, 56, 16, 185
"c:\Users\gorka\workspace\WacLine\input\app\content\pdfjs\web\locale\sv-SE\viewer.properties", "Properties", 113, 0, 0, 0, 0, 0, 0, 0, 0, 56, 16, 185
"c:\Users\gorka\workspace\WacLine\input\app\content\pdfjs\web\locale\sw\viewer.properties", "Properties", 57, 0, 0, 0, 0, 0, 0, 0, 0, 56, 16, 129
"c:\Users\gorka\workspace\WacLine\input\app\content\pdfjs\web\locale\ta-LK\viewer.properties", "Properties", 6, 0, 0, 0, 0, 0, 0, 0, 0, 56, 16, 78
"c:\Users\gorka\workspace\WacLine\input\app\content\pdfjs\web\locale\ta\viewer.properties", "Properties", 113, 0, 0, 0, 0, 0, 0, 0, 0, 56, 16, 185
"c:\Users\gorka\workspace\WacLine\input\app\content\pdfjs\web\locale\te\viewer.properties", "Properties", 112, 0, 0, 0, 0, 0, 0, 0, 0, 56, 16, 184
"c:\Users\gorka\workspace\WacLine\input\app\content\pdfjs\web\locale\th\viewer.properties", "Properties", 113, 0, 0, 0, 0, 0, 0, 0, 0, 56, 16, 185
"c:\Users\gorka\workspace\WacLine\input\app\content\pdfjs\web\locale\tl\viewer.properties", "Properties", 42, 0, 0, 0, 0, 0, 0, 0, 0, 56, 16, 114
"c:\Users\gorka\workspace\WacLine\input\app\content\pdfjs\web\locale\tn\viewer.properties", "Properties", 12, 0, 0, 0, 0, 0, 0, 0, 0, 56, 16, 84
"c:\Users\gorka\workspace\WacLine\input\app\content\pdfjs\web\locale\tr\viewer.properties", "Properties", 113, 0, 0, 0, 0, 0, 0, 0, 0, 56, 16, 185
"c:\Users\gorka\workspace\WacLine\input\app\content\pdfjs\web\locale\uk\viewer.properties", "Properties", 113, 0, 0, 0, 0, 0, 0, 0, 0, 56, 16, 185
"c:\Users\gorka\workspace\WacLine\input\app\content\pdfjs\web\locale\ur\viewer.properties", "Properties", 107, 0, 0, 0, 0, 0, 0, 0, 0, 56, 16, 179
"c:\Users\gorka\workspace\WacLine\input\app\content\pdfjs\web\locale\vi\viewer.properties", "Properties", 113, 0, 0, 0, 0, 0, 0, 0, 0, 56, 16, 185
"c:\Users\gorka\workspace\WacLine\input\app\content\pdfjs\web\locale\wo\viewer.properties", "Properties", 53, 0, 0, 0, 0, 0, 0, 0, 0, 56, 16, 125
"c:\Users\gorka\workspace\WacLine\input\app\content\pdfjs\web\locale\xh\viewer.properties", "Properties", 113, 0, 0, 0, 0, 0, 0, 0, 0, 56, 16, 185
"c:\Users\gorka\workspace\WacLine\input\app\content\pdfjs\web\locale\zh-CN\viewer.properties", "Properties", 113, 0, 0, 0, 0, 0, 0, 0, 0, 56, 16, 185
"c:\Users\gorka\workspace\WacLine\input\app\content\pdfjs\web\locale\zh-TW\viewer.properties", "Properties", 113, 0, 0, 0, 0, 0, 0, 0, 0, 56, 16, 185
"c:\Users\gorka\workspace\WacLine\input\app\content\pdfjs\web\locale\zu\viewer.properties", "Properties", 60, 0, 0, 0, 0, 0, 0, 0, 0, 56, 16, 132
"c:\Users\gorka\workspace\WacLine\input\app\content\pdfjs\web\viewer.css", "CSS", 0, 0, 0, 0, 0, 0, 0, 0, 1973, 34, 270, 2277
"c:\Users\gorka\workspace\WacLine\input\app\content\pdfjs\web\viewer.html", "HTML", 0, 0, 0, 0, 0, 0, 302, 0, 0, 22, 39, 363
"c:\Users\gorka\workspace\WacLine\input\app\content\pdfjs\web\viewer.js", "JavaScript", 0, 9784, 0, 0, 0, 0, 0, 0, 0, 67, 636, 10487
"c:\Users\gorka\workspace\WacLine\input\app\content\plainTextFileViewer\index.html", "HTML", 0, 0, 0, 0, 0, 0, 11, 0, 0, 0, 1, 12
"c:\Users\gorka\workspace\WacLine\input\app\content\plainTextFileViewer\index.js", "JavaScript", 0, 10, 0, 0, 0, 0, 0, 0, 0, 0, 3, 13
"c:\Users\gorka\workspace\WacLine\input\app\images\arrowDown.svg", "XML", 0, 0, 1, 0, 0, 0, 0, 0, 0, 0, 0, 1
"c:\Users\gorka\workspace\WacLine\input\app\images\arrowLeft.svg", "XML", 0, 0, 1, 0, 0, 0, 0, 0, 0, 0, 0, 1
"c:\Users\gorka\workspace\WacLine\input\app\images\arrowRight.svg", "XML", 0, 0, 1, 0, 0, 0, 0, 0, 0, 0, 0, 1
"c:\Users\gorka\workspace\WacLine\input\app\images\arrowUp.svg", "XML", 0, 0, 1, 0, 0, 0, 0, 0, 0, 0, 0, 1
"c:\Users\gorka\workspace\WacLine\input\app\images\googleSheet.svg", "XML", 0, 0, 15, 0, 0, 0, 0, 0, 0, 0, 1, 16
"c:\Users\gorka\workspace\WacLine\input\app\images\microsoftWord.svg", "XML", 0, 0, 1, 0, 0, 0, 0, 0, 0, 0, 0, 1
"c:\Users\gorka\workspace\WacLine\input\app\images\moodle.svg", "XML", 0, 0, 4, 0, 0, 0, 0, 0, 0, 0, 1, 5
"c:\Users\gorka\workspace\WacLine\input\app\manifest.json", "JSON", 0, 0, 0, 0, 0, 38, 0, 0, 0, 79, 0, 117
"c:\Users\gorka\workspace\WacLine\input\app\pages\filePermission.html", "HTML", 0, 0, 0, 0, 0, 0, 30, 0, 0, 1, 3, 34
"c:\Users\gorka\workspace\WacLine\input\app\pages\options.html", "HTML", 0, 0, 0, 0, 0, 0, 104, 0, 0, 4, 6, 114
"c:\Users\gorka\workspace\WacLine\input\app\pages\popup.html", "HTML", 0, 0, 0, 0, 0, 0, 11, 0, 0, 0, 1, 12
"c:\Users\gorka\workspace\WacLine\input\app\pages\sidebar\finalGrade.html", "HTML", 0, 0, 0, 0, 0, 0, 3, 0, 0, 0, 2, 5
"c:\Users\gorka\workspace\WacLine\input\app\pages\sidebar\groupSelection.html", "HTML", 0, 0, 0, 0, 0, 0, 32, 0, 0, 0, 1, 33
"c:\Users\gorka\workspace\WacLine\input\app\pages\sidebar\sidebar.html", "HTML", 0, 0, 0, 0, 0, 0, 10, 0, 0, 0, 2, 12
"c:\Users\gorka\workspace\WacLine\input\app\pages\sidebar\tagWrapper.html", "HTML", 0, 0, 0, 0, 0, 0, 4, 0, 0, 0, 1, 5
"c:\Users\gorka\workspace\WacLine\input\app\pages\sidebar\toolset.html", "HTML", 0, 0, 0, 0, 0, 0, 9, 0, 0, 0, 1, 10
"c:\Users\gorka\workspace\WacLine\input\app\pages\sidebar\userFilterWrapper.html", "HTML", 0, 0, 0, 0, 0, 0, 19, 0, 0, 0, 2, 21
"c:\Users\gorka\workspace\WacLine\input\app\pages\specific\reviewCanvas.html", "HTML", 0, 0, 0, 0, 0, 0, 34, 0, 0, 0, 5, 39
"c:\Users\gorka\workspace\WacLine\input\app\scripts\BrowserStorageSearch.js", "JavaScript", 0, 89, 0, 0, 0, 0, 0, 0, 0, 10, 8, 107
"c:\Users\gorka\workspace\WacLine\input\app\scripts\Config.js", "JavaScript", 0, 39, 0, 0, 0, 0, 0, 0, 0, 15, 3, 57
"c:\Users\gorka\workspace\WacLine\input\app\scripts\Events.js", "JavaScript", 0, 53, 0, 0, 0, 0, 0, 0, 0, 40, 2, 95
"c:\Users\gorka\workspace\WacLine\input\app\scripts\acmContentScript.js", "JavaScript", 0, 63, 0, 0, 0, 0, 0, 0, 0, 15, 7, 85
"c:\Users\gorka\workspace\WacLine\input\app\scripts\annotationManagement\Annotation.js", "JavaScript", 0, 128, 0, 0, 0, 0, 0, 0, 0, 35, 6, 169
"c:\Users\gorka\workspace\WacLine\input\app\scripts\annotationManagement\AnnotationManagement.js", "JavaScript", 0, 157, 0, 0, 0, 0, 0, 0, 0, 27, 11, 195
"c:\Users\gorka\workspace\WacLine\input\app\scripts\annotationManagement\DeleteAnnotation.js", "JavaScript", 0, 72, 0, 0, 0, 0, 0, 0, 0, 11, 9, 92
"c:\Users\gorka\workspace\WacLine\input\app\scripts\annotationManagement\UpdateAnnotation.js", "JavaScript", 0, 43, 0, 0, 0, 0, 0, 0, 0, 6, 7, 56
"c:\Users\gorka\workspace\WacLine\input\app\scripts\annotationManagement\create\CreateAnnotation.js", "JavaScript", 0, 143, 0, 0, 0, 0, 0, 0, 0, 30, 12, 185
"c:\Users\gorka\workspace\WacLine\input\app\scripts\annotationManagement\purposes\Assessing.js", "JavaScript", 0, 21, 0, 0, 0, 0, 0, 0, 0, 0, 8, 29
"c:\Users\gorka\workspace\WacLine\input\app\scripts\annotationManagement\purposes\Body.js", "JavaScript", 0, 18, 0, 0, 0, 0, 0, 0, 0, 0, 6, 24
"c:\Users\gorka\workspace\WacLine\input\app\scripts\annotationManagement\purposes\Classifying.js", "JavaScript", 0, 50, 0, 0, 0, 0, 0, 0, 0, 5, 8, 63
"c:\Users\gorka\workspace\WacLine\input\app\scripts\annotationManagement\purposes\Commenting.js", "JavaScript", 0, 18, 0, 0, 0, 0, 0, 0, 0, 0, 7, 25
"c:\Users\gorka\workspace\WacLine\input\app\scripts\annotationManagement\purposes\CommentingForm.js", "JavaScript", 0, 302, 0, 0, 0, 0, 0, 0, 0, 97, 12, 411
"c:\Users\gorka\workspace\WacLine\input\app\scripts\annotationManagement\purposes\GradingForm.js", "JavaScript", 0, 64, 0, 0, 0, 0, 0, 0, 0, 12, 9, 85
"c:\Users\gorka\workspace\WacLine\input\app\scripts\annotationManagement\purposes\PreviousAssignments.js", "JavaScript", 0, 96, 0, 0, 0, 0, 0, 0, 0, 8, 9, 113
"c:\Users\gorka\workspace\WacLine\input\app\scripts\annotationManagement\purposes\ReplyAnnotation.js", "JavaScript", 0, 61, 0, 0, 0, 0, 0, 0, 0, 20, 7, 88
"c:\Users\gorka\workspace\WacLine\input\app\scripts\annotationManagement\purposes\SuggestingLiterature.js", "JavaScript", 0, 18, 0, 0, 0, 0, 0, 0, 0, 0, 7, 25
"c:\Users\gorka\workspace\WacLine\input\app\scripts\annotationManagement\read\AnnotationList.js", "JavaScript", 0, 9, 0, 0, 0, 0, 0, 0, 0, 3, 4, 16
"c:\Users\gorka\workspace\WacLine\input\app\scripts\annotationManagement\read\Canvas.js", "JavaScript", 0, 142, 0, 0, 0, 0, 0, 0, 0, 6, 13, 161
"c:\Users\gorka\workspace\WacLine\input\app\scripts\annotationManagement\read\FinalGrade.js", "JavaScript", 0, 31, 0, 0, 0, 0, 0, 0, 0, 0, 7, 38
"c:\Users\gorka\workspace\WacLine\input\app\scripts\annotationManagement\read\GoogleSheetGenerator.js", "JavaScript", 0, 473, 0, 0, 0, 0, 0, 0, 0, 51, 19, 543
"c:\Users\gorka\workspace\WacLine\input\app\scripts\annotationManagement\read\MoodleComment.js", "JavaScript", 0, 53, 0, 0, 0, 0, 0, 0, 0, 3, 6, 62
"c:\Users\gorka\workspace\WacLine\input\app\scripts\annotationManagement\read\MoodleReport.js", "JavaScript", 0, 211, 0, 0, 0, 0, 0, 0, 0, 23, 11, 245
"c:\Users\gorka\workspace\WacLine\input\app\scripts\annotationManagement\read\ReadAnnotation.js", "JavaScript", 0, 450, 0, 0, 0, 0, 0, 0, 0, 174, 38, 662
"c:\Users\gorka\workspace\WacLine\input\app\scripts\annotationManagement\read\Resume.js", "JavaScript", 0, 10, 0, 0, 0, 0, 0, 0, 0, 0, 2, 12
"c:\Users\gorka\workspace\WacLine\input\app\scripts\annotationManagement\read\Screenshots.js", "JavaScript", 0, 79, 0, 0, 0, 0, 0, 0, 0, 14, 5, 98
"c:\Users\gorka\workspace\WacLine\input\app\scripts\annotationManagement\read\TextSummary.js", "JavaScript", 0, 23, 0, 0, 0, 0, 0, 0, 0, 1, 3, 27
"c:\Users\gorka\workspace\WacLine\input\app\scripts\annotationManagement\read\UserFilter.js", "JavaScript", 0, 188, 0, 0, 0, 0, 0, 0, 0, 35, 19, 242
"c:\Users\gorka\workspace\WacLine\input\app\scripts\annotationServer\AnnotationServer.js", "JavaScript", 0, 6, 0, 0, 0, 0, 0, 0, 0, 0, 2, 8
"c:\Users\gorka\workspace\WacLine\input\app\scripts\annotationServer\AnnotationServerManager.js", "JavaScript", 0, 36, 0, 0, 0, 0, 0, 0, 0, 0, 8, 44
"c:\Users\gorka\workspace\WacLine\input\app\scripts\annotationServer\browserStorage\BrowserStorage.js", "JavaScript", 0, 7, 0, 0, 0, 0, 0, 0, 0, 0, 3, 10
"c:\Users\gorka\workspace\WacLine\input\app\scripts\annotationServer\browserStorage\BrowserStorageClient.js", "JavaScript", 0, 394, 0, 0, 0, 0, 0, 0, 0, 57, 23, 474
"c:\Users\gorka\workspace\WacLine\input\app\scripts\annotationServer\browserStorage\BrowserStorageManager.js", "JavaScript", 0, 64, 0, 0, 0, 0, 0, 0, 0, 5, 7, 76
"c:\Users\gorka\workspace\WacLine\input\app\scripts\annotationServer\browserStorage\EmptyDatabase.json", "JSON", 0, 0, 0, 0, 0, 9, 0, 0, 0, 0, 2, 11
"c:\Users\gorka\workspace\WacLine\input\app\scripts\annotationServer\hypothesis\Hypothesis.js", "JavaScript", 0, 7, 0, 0, 0, 0, 0, 0, 0, 0, 3, 10
"c:\Users\gorka\workspace\WacLine\input\app\scripts\annotationServer\hypothesis\HypothesisClientManager.js", "JavaScript", 0, 124, 0, 0, 0, 0, 0, 0, 0, 4, 13, 141
"c:\Users\gorka\workspace\WacLine\input\app\scripts\annotationServer\neo4j\Neo4JClient.js", "JavaScript", 0, 676, 0, 0, 0, 0, 0, 0, 0, 186, 55, 917
"c:\Users\gorka\workspace\WacLine\input\app\scripts\annotationServer\neo4j\Neo4JClientManager.js", "JavaScript", 0, 127, 0, 0, 0, 0, 0, 0, 0, 12, 11, 150
"c:\Users\gorka\workspace\WacLine\input\app\scripts\background.js", "JavaScript", 0, 117, 0, 0, 0, 0, 0, 0, 0, 44, 20, 181
"c:\Users\gorka\workspace\WacLine\input\app\scripts\background\AnnotationServerManager.js", "JavaScript", 0, 39, 0, 0, 0, 0, 0, 0, 0, 1, 4, 44
"c:\Users\gorka\workspace\WacLine\input\app\scripts\background\GoogleSheetsManager.js", "JavaScript", 0, 100, 0, 0, 0, 0, 0, 0, 0, 3, 4, 107
"c:\Users\gorka\workspace\WacLine\input\app\scripts\background\HypothesisManager.js", "JavaScript", 0, 122, 0, 0, 0, 0, 0, 0, 0, 12, 14, 148
"c:\Users\gorka\workspace\WacLine\input\app\scripts\background\MoodleBackgroundManager.js", "JavaScript", 0, 164, 0, 0, 0, 0, 0, 0, 0, 7, 5, 176
"c:\Users\gorka\workspace\WacLine\input\app\scripts\background\MoodleDownloadManager.js", "JavaScript", 0, 132, 0, 0, 0, 0, 0, 0, 0, 13, 8, 153
"c:\Users\gorka\workspace\WacLine\input\app\scripts\background\Neo4JManager.js", "JavaScript", 0, 36, 0, 0, 0, 0, 0, 0, 0, 0, 4, 40
"c:\Users\gorka\workspace\WacLine\input\app\scripts\background\TargetManager.js", "JavaScript", 0, 28, 0, 0, 0, 0, 0, 0, 0, 97, 5, 130
"c:\Users\gorka\workspace\WacLine\input\app\scripts\background\TaskManager.js", "JavaScript", 0, 141, 0, 0, 0, 0, 0, 0, 0, 13, 15, 169
"c:\Users\gorka\workspace\WacLine\input\app\scripts\background\tasks\CreateHighlighterTask.js", "JavaScript", 0, 110, 0, 0, 0, 0, 0, 0, 0, 284, 7, 401
"c:\Users\gorka\workspace\WacLine\input\app\scripts\background\tasks\Task.js", "JavaScript", 0, 6, 0, 0, 0, 0, 0, 0, 0, 0, 2, 8
"c:\Users\gorka\workspace\WacLine\input\app\scripts\codebook\CodebookManager.js", "JavaScript", 0, 42, 0, 0, 0, 0, 0, 0, 0, 41, 5, 88
"c:\Users\gorka\workspace\WacLine\input\app\scripts\codebook\model\Code.js", "JavaScript", 0, 99, 0, 0, 0, 0, 0, 0, 0, 15, 10, 124
"c:\Users\gorka\workspace\WacLine\input\app\scripts\codebook\model\Codebook.js", "JavaScript", 0, 335, 0, 0, 0, 0, 0, 0, 0, 91, 20, 446
"c:\Users\gorka\workspace\WacLine\input\app\scripts\codebook\model\Theme.js", "JavaScript", 0, 197, 0, 0, 0, 0, 0, 0, 0, 53, 17, 267
"c:\Users\gorka\workspace\WacLine\input\app\scripts\codebook\operations\create\CreateCodebook.js", "JavaScript", 0, 83, 0, 0, 0, 0, 0, 0, 0, 19, 7, 109
"c:\Users\gorka\workspace\WacLine\input\app\scripts\codebook\operations\create\builtIn\BuiltIn.js", "JavaScript", 0, 25, 0, 0, 0, 0, 0, 0, 0, 5, 3, 33
"c:\Users\gorka\workspace\WacLine\input\app\scripts\codebook\operations\create\builtIn\BuiltInCodebookScheme.json", "JSON", 0, 0, 0, 0, 0, 23, 0, 0, 0, 0, 1, 24
"c:\Users\gorka\workspace\WacLine\input\app\scripts\codebook\operations\create\emptyCodebook\EmptyCodebook.js", "JavaScript", 0, 22, 0, 0, 0, 0, 0, 0, 0, 1, 3, 26
"c:\Users\gorka\workspace\WacLine\input\app\scripts\codebook\operations\create\googleSheetsProvider\GSheetParser.js", "JavaScript", 0, 77, 0, 0, 0, 0, 0, 0, 0, 6, 7, 90
"c:\Users\gorka\workspace\WacLine\input\app\scripts\codebook\operations\create\googleSheetsProvider\GSheetProvider.js", "JavaScript", 0, 112, 0, 0, 0, 0, 0, 0, 0, 16, 7, 135
"c:\Users\gorka\workspace\WacLine\input\app\scripts\codebook\operations\create\googleSheetsProvider\GroupInitializer.js", "JavaScript", 0, 131, 0, 0, 0, 0, 0, 0, 0, 12, 7, 150
"c:\Users\gorka\workspace\WacLine\input\app\scripts\codebook\operations\create\moodleProvider\MoodleProvider.js", "JavaScript", 0, 242, 0, 0, 0, 0, 0, 0, 0, 30, 11, 283
"c:\Users\gorka\workspace\WacLine\input\app\scripts\codebook\operations\create\moodleProvider\MoodleScraping.js", "JavaScript", 0, 54, 0, 0, 0, 0, 0, 0, 0, 17, 3, 74
"c:\Users\gorka\workspace\WacLine\input\app\scripts\codebook\operations\create\moodleProvider\augmentation\MoodleAugmentation.js", "JavaScript", 0, 19, 0, 0, 0, 0, 0, 0, 0, 2, 3, 24
"c:\Users\gorka\workspace\WacLine\input\app\scripts\codebook\operations\create\moodleProvider\augmentation\MoodleGraderAugmentation.js", "JavaScript", 0, 88, 0, 0, 0, 0, 0, 0, 0, 6, 13, 107
"c:\Users\gorka\workspace\WacLine\input\app\scripts\codebook\operations\create\moodleProvider\augmentation\MoodleGradingAugmentation.js", "JavaScript", 0, 32, 0, 0, 0, 0, 0, 0, 0, 6, 6, 44
"c:\Users\gorka\workspace\WacLine\input\app\scripts\codebook\operations\create\moodleProvider\augmentation\MoodleViewPluginAssignSubmissionAugmentation.js", "JavaScript", 0, 21, 0, 0, 0, 0, 0, 0, 0, 3, 6, 30
"c:\Users\gorka\workspace\WacLine\input\app\scripts\codebook\operations\create\noCodebook\NoCodebook.js", "JavaScript", 0, 25, 0, 0, 0, 0, 0, 0, 0, 5, 3, 33
"c:\Users\gorka\workspace\WacLine\input\app\scripts\codebook\operations\create\noCodebook\NoCodebookScheme.json", "JSON", 0, 0, 0, 0, 0, 9, 0, 0, 0, 0, 1, 10
"c:\Users\gorka\workspace\WacLine\input\app\scripts\codebook\operations\create\publicPrivate\PublicPrivate.js", "JavaScript", 0, 29, 0, 0, 0, 0, 0, 0, 0, 4, 5, 38
"c:\Users\gorka\workspace\WacLine\input\app\scripts\codebook\operations\delete\DeleteCodebook.js", "JavaScript", 0, 43, 0, 0, 0, 0, 0, 0, 0, 3, 7, 53
"c:\Users\gorka\workspace\WacLine\input\app\scripts\codebook\operations\delete\DeleteGroup.js", "JavaScript", 0, 20, 0, 0, 0, 0, 0, 0, 0, 5, 3, 28
"c:\Users\gorka\workspace\WacLine\input\app\scripts\codebook\operations\export\ExportCodebook.js", "JavaScript", 0, 33, 0, 0, 0, 0, 0, 0, 0, 3, 7, 43
"c:\Users\gorka\workspace\WacLine\input\app\scripts\codebook\operations\export\ExportCodebookJSON.js", "JavaScript", 0, 31, 0, 0, 0, 0, 0, 0, 0, 2, 4, 37
"c:\Users\gorka\workspace\WacLine\input\app\scripts\codebook\operations\import\ImportCodebook.js", "JavaScript", 0, 33, 0, 0, 0, 0, 0, 0, 0, 3, 7, 43
"c:\Users\gorka\workspace\WacLine\input\app\scripts\codebook\operations\import\ImportCodebookJSON.js", "JavaScript", 0, 106, 0, 0, 0, 0, 0, 0, 0, 10, 6, 122
"c:\Users\gorka\workspace\WacLine\input\app\scripts\codebook\operations\read\Buttons.js", "JavaScript", 0, 297, 0, 0, 0, 0, 0, 0, 0, 26, 8, 331
"c:\Users\gorka\workspace\WacLine\input\app\scripts\codebook\operations\read\ReadCodebook.js", "JavaScript", 0, 549, 0, 0, 0, 0, 0, 0, 0, 255, 37, 841
"c:\Users\gorka\workspace\WacLine\input\app\scripts\codebook\operations\update\RenameCodebook.js", "JavaScript", 0, 64, 0, 0, 0, 0, 0, 0, 0, 6, 7, 77
"c:\Users\gorka\workspace\WacLine\input\app\scripts\codebook\operations\update\UpdateCodebook.js", "JavaScript", 0, 368, 0, 0, 0, 0, 0, 0, 0, 70, 27, 465
"c:\Users\gorka\workspace\WacLine\input\app\scripts\contentScript.js", "JavaScript", 0, 63, 0, 0, 0, 0, 0, 0, 0, 9, 2, 74
"c:\Users\gorka\workspace\WacLine\input\app\scripts\contentScript\AnnotatedContentManager.js", "JavaScript", 0, 359, 0, 0, 0, 0, 0, 0, 0, 86, 27, 472
"c:\Users\gorka\workspace\WacLine\input\app\scripts\contentScript\AnnotationBasedInitializer.js", "JavaScript", 0, 56, 0, 0, 0, 0, 0, 0, 0, 4, 6, 66
"c:\Users\gorka\workspace\WacLine\input\app\scripts\contentScript\ContentScriptManager.js", "JavaScript", 0, 320, 0, 0, 0, 0, 0, 0, 0, 92, 30, 442
"c:\Users\gorka\workspace\WacLine\input\app\scripts\contentScript\ModeManager.js", "JavaScript", 0, 98, 0, 0, 0, 0, 0, 0, 0, 5, 13, 116
"c:\Users\gorka\workspace\WacLine\input\app\scripts\contentScript\RolesManager.js", "JavaScript", 0, 58, 0, 0, 0, 0, 0, 0, 0, 2, 7, 67
"c:\Users\gorka\workspace\WacLine\input\app\scripts\contentScript\Sidebar.js", "JavaScript", 0, 76, 0, 0, 0, 0, 0, 0, 0, 3, 12, 91
"c:\Users\gorka\workspace\WacLine\input\app\scripts\contentScript\Toolset.js", "JavaScript", 0, 182, 0, 0, 0, 0, 0, 0, 0, 89, 13, 284
"c:\Users\gorka\workspace\WacLine\input\app\scripts\docxExporter\DocxExporter.js", "JavaScript", 0, 95, 0, 0, 0, 0, 0, 0, 0, 8, 17, 120
"c:\Users\gorka\workspace\WacLine\input\app\scripts\exporter\reviewModel.js", "JavaScript", 0, 249, 0, 0, 0, 0, 0, 0, 0, 217, 16, 482
"c:\Users\gorka\workspace\WacLine\input\app\scripts\googleSheetsContentScript.js", "JavaScript", 0, 22, 0, 0, 0, 0, 0, 0, 0, 3, 2, 27
"c:\Users\gorka\workspace\WacLine\input\app\scripts\googleSheets\GoogleSheetClient.js", "JavaScript", 0, 245, 0, 0, 0, 0, 0, 0, 0, 37, 15, 297
"c:\Users\gorka\workspace\WacLine\input\app\scripts\googleSheets\GoogleSheetsClientManager.js", "JavaScript", 0, 97, 0, 0, 0, 0, 0, 0, 0, 11, 10, 118
"c:\Users\gorka\workspace\WacLine\input\app\scripts\groupManipulation\GroupSelector.js", "JavaScript", 0, 509, 0, 0, 0, 0, 0, 0, 0, 145, 34, 688
"c:\Users\gorka\workspace\WacLine\input\app\scripts\hypothesisGroupContentScript.js", "JavaScript", 0, 37, 0, 0, 0, 0, 0, 0, 0, 6, 3, 46
"c:\Users\gorka\workspace\WacLine\input\app\scripts\importExport\AnnotationExporter.js", "JavaScript", 0, 23, 0, 0, 0, 0, 0, 0, 0, 7, 3, 33
"c:\Users\gorka\workspace\WacLine\input\app\scripts\importExport\AnnotationImporter.js", "JavaScript", 0, 123, 0, 0, 0, 0, 0, 0, 0, 18, 4, 145
"c:\Users\gorka\workspace\WacLine\input\app\scripts\moodleAssignmentAddContentScript.js", "JavaScript", 0, 14, 0, 0, 0, 0, 0, 0, 0, 2, 3, 19
"c:\Users\gorka\workspace\WacLine\input\app\scripts\moodleContentScript.js", "JavaScript", 0, 25, 0, 0, 0, 0, 0, 0, 0, 4, 2, 31
"c:\Users\gorka\workspace\WacLine\input\app\scripts\moodle\APISimulation.js", "JavaScript", 0, 181, 0, 0, 0, 0, 0, 0, 0, 21, 15, 217
"c:\Users\gorka\workspace\WacLine\input\app\scripts\moodle\BackToWorkspace.js", "JavaScript", 0, 16, 0, 0, 0, 0, 0, 0, 0, 0, 3, 19
"c:\Users\gorka\workspace\WacLine\input\app\scripts\moodle\MoodleClient.js", "JavaScript", 0, 120, 0, 0, 0, 0, 0, 0, 0, 0, 11, 131
"c:\Users\gorka\workspace\WacLine\input\app\scripts\moodle\MoodleClientManager.js", "JavaScript", 0, 119, 0, 0, 0, 0, 0, 0, 0, 3, 16, 138
"c:\Users\gorka\workspace\WacLine\input\app\scripts\moodle\MoodleFunctions.js", "JavaScript", 0, 25, 0, 0, 0, 0, 0, 0, 0, 0, 4, 29
"c:\Users\gorka\workspace\WacLine\input\app\scripts\moodle\MoodleUtils.js", "JavaScript", 0, 6, 0, 0, 0, 0, 0, 0, 0, 0, 2, 8
"c:\Users\gorka\workspace\WacLine\input\app\scripts\options.js", "JavaScript", 0, 5, 0, 0, 0, 0, 0, 0, 0, 2, 3, 10
"c:\Users\gorka\workspace\WacLine\input\app\scripts\options\Options.js", "JavaScript", 0, 203, 0, 0, 0, 0, 0, 0, 0, 38, 14, 255
"c:\Users\gorka\workspace\WacLine\input\app\scripts\popup.js", "JavaScript", 0, 7, 0, 0, 0, 0, 0, 0, 0, 1, 3, 11
"c:\Users\gorka\workspace\WacLine\input\app\scripts\popup\Popup.js", "JavaScript", 0, 22, 0, 0, 0, 0, 0, 0, 0, 2, 4, 28
"c:\Users\gorka\workspace\WacLine\input\app\scripts\scienceDirectContentScript.js", "JavaScript", 0, 54, 0, 0, 0, 0, 0, 0, 0, 17, 4, 75
"c:\Users\gorka\workspace\WacLine\input\app\scripts\springerContentScript.js", "JavaScript", 0, 74, 0, 0, 0, 0, 0, 0, 0, 17, 8, 99
"c:\Users\gorka\workspace\WacLine\input\app\scripts\target\TargetManager.js", "JavaScript", 0, 350, 0, 0, 0, 0, 0, 0, 0, 70, 27, 447
"c:\Users\gorka\workspace\WacLine\input\app\scripts\target\formats\HTML.js", "JavaScript", 0, 4, 0, 0, 0, 0, 0, 0, 0, 0, 1, 5
"c:\Users\gorka\workspace\WacLine\input\app\scripts\target\formats\PDF.js", "JavaScript", 0, 4, 0, 0, 0, 0, 0, 0, 0, 0, 1, 5
"c:\Users\gorka\workspace\WacLine\input\app\scripts\target\formats\TXT.js", "JavaScript", 0, 4, 0, 0, 0, 0, 0, 0, 0, 0, 1, 5
"c:\Users\gorka\workspace\WacLine\input\app\scripts\utils\Alerts.js", "JavaScript", 0, 270, 0, 0, 0, 0, 0, 0, 0, 0, 18, 288
"c:\Users\gorka\workspace\WacLine\input\app\scripts\utils\AnnotationUtils.js", "JavaScript", 0, 78, 0, 0, 0, 0, 0, 0, 0, 12, 8, 98
"c:\Users\gorka\workspace\WacLine\input\app\scripts\utils\ChromeStorage.js", "JavaScript", 0, 23, 0, 0, 0, 0, 0, 0, 0, 17, 6, 46
"c:\Users\gorka\workspace\WacLine\input\app\scripts\utils\ColorUtils.js", "JavaScript", 0, 46, 0, 0, 0, 0, 0, 0, 0, 0, 10, 56
"c:\Users\gorka\workspace\WacLine\input\app\scripts\utils\CryptoUtils.js", "JavaScript", 0, 7, 0, 0, 0, 0, 0, 0, 0, 0, 3, 10
"c:\Users\gorka\workspace\WacLine\input\app\scripts\utils\DOM.js", "JavaScript", 0, 81, 0, 0, 0, 0, 0, 0, 0, 14, 10, 105
"c:\Users\gorka\workspace\WacLine\input\app\scripts\utils\DOMTextUtils.js", "JavaScript", 0, 301, 0, 0, 0, 0, 0, 0, 0, 49, 22, 372
"c:\Users\gorka\workspace\WacLine\input\app\scripts\utils\DataUtils.js", "JavaScript", 0, 107, 0, 0, 0, 0, 0, 0, 0, 9, 17, 133
"c:\Users\gorka\workspace\WacLine\input\app\scripts\utils\DateUtils.js", "JavaScript", 0, 18, 0, 0, 0, 0, 0, 0, 0, 0, 3, 21
"c:\Users\gorka\workspace\WacLine\input\app\scripts\utils\FileUtils.js", "JavaScript", 0, 43, 0, 0, 0, 0, 0, 0, 0, 3, 7, 53
"c:\Users\gorka\workspace\WacLine\input\app\scripts\utils\LanguageUtils.js", "JavaScript", 0, 79, 0, 0, 0, 0, 0, 0, 0, 55, 14, 148
"c:\Users\gorka\workspace\WacLine\input\app\scripts\utils\PDFTextUtils.js", "JavaScript", 0, 21, 0, 0, 0, 0, 0, 0, 0, 0, 3, 24
"c:\Users\gorka\workspace\WacLine\input\app\scripts\utils\RandomUtils.js", "JavaScript", 0, 24, 0, 0, 0, 0, 0, 0, 0, 0, 3, 27
"c:\Users\gorka\workspace\WacLine\input\app\scripts\utils\SheetUtils.js", "JavaScript", 0, 13, 0, 0, 0, 0, 0, 0, 0, 0, 2, 15
"c:\Users\gorka\workspace\WacLine\input\app\scripts\utils\URLUtils.js", "JavaScript", 0, 52, 0, 0, 0, 0, 0, 0, 0, 17, 8, 77
"c:\Users\gorka\workspace\WacLine\input\app\styles\browserStorageSearch.scss", "SCSS", 0, 0, 0, 0, 0, 0, 0, 53, 0, 0, 8, 61
"c:\Users\gorka\workspace\WacLine\input\app\styles\contentScript.scss", "SCSS", 0, 0, 0, 0, 0, 0, 0, 15, 0, 8, 2, 25
"c:\Users\gorka\workspace\WacLine\input\app\styles\exam.scss", "SCSS", 0, 0, 0, 0, 0, 0, 0, 33, 0, 1, 10, 44
"c:\Users\gorka\workspace\WacLine\input\app\styles\finalGrade.scss", "SCSS", 0, 0, 0, 0, 0, 0, 0, 3, 0, 0, 0, 3
"c:\Users\gorka\workspace\WacLine\input\app\styles\groupSelection.scss", "SCSS", 0, 0, 0, 0, 0, 0, 0, 120, 0, 0, 23, 143
"c:\Users\gorka\workspace\WacLine\input\app\styles\locationManager.scss", "SCSS", 0, 0, 0, 0, 0, 0, 0, 49, 0, 0, 11, 60
"c:\Users\gorka\workspace\WacLine\input\app\styles\options.scss", "SCSS", 0, 0, 0, 0, 0, 0, 0, 12, 0, 0, 4, 16
"c:\Users\gorka\workspace\WacLine\input\app\styles\pdfjs.scss", "SCSS", 0, 0, 0, 0, 0, 0, 0, 18, 0, 1, 6, 25
"c:\Users\gorka\workspace\WacLine\input\app\styles\review.scss", "SCSS", 0, 0, 0, 0, 0, 0, 0, 40, 0, 0, 9, 49
"c:\Users\gorka\workspace\WacLine\input\app\styles\reviewAssistant.scss", "SCSS", 0, 0, 0, 0, 0, 0, 0, 46, 0, 1, 1, 48
"c:\Users\gorka\workspace\WacLine\input\app\styles\reviewCanvas.scss", "SCSS", 0, 0, 0, 0, 0, 0, 0, 156, 0, 2, 4, 162
"c:\Users\gorka\workspace\WacLine\input\app\styles\sidebar.scss", "SCSS", 0, 0, 0, 0, 0, 0, 0, 112, 0, 14, 23, 149
"c:\Users\gorka\workspace\WacLine\input\app\styles\slrDataExtraction.scss", "SCSS", 0, 0, 0, 0, 0, 0, 0, 8, 0, 1, 3, 12
"c:\Users\gorka\workspace\WacLine\input\app\styles\tagWrapper.scss", "SCSS", 0, 0, 0, 0, 0, 0, 0, 163, 0, 1, 28, 192
"c:\Users\gorka\workspace\WacLine\input\app\styles\textAnnotator.scss", "SCSS", 0, 0, 0, 0, 0, 0, 0, 47, 0, 6, 9, 62
"c:\Users\gorka\workspace\WacLine\input\app\styles\toolset.scss", "SCSS", 0, 0, 0, 0, 0, 0, 0, 18, 0, 0, 3, 21
"c:\Users\gorka\workspace\WacLine\input\app\styles\userFilter.scss", "SCSS", 0, 0, 0, 0, 0, 0, 0, 3, 0, 0, 0, 3
"c:\Users\gorka\workspace\WacLine\input\app\styles\variables.scss", "SCSS", 0, 0, 0, 0, 0, 0, 0, 10, 0, 0, 2, 12
"c:\Users\gorka\workspace\WacLine\input\dependencies.ps1", "PowerShell", 0, 0, 0, 18, 0, 0, 0, 0, 0, 0, 1, 19
"c:\Users\gorka\workspace\WacLine\input\dependencies.sh", "Shell Script", 0, 0, 0, 0, 18, 0, 0, 0, 0, 2, 5, 25
"c:\Users\gorka\workspace\WacLine\input\gulpfile.babel.js", "JavaScript", 0, 2, 0, 0, 0, 0, 0, 0, 0, 2, 2, 6
"c:\Users\gorka\workspace\WacLine\input\input.iml", "XML", 0, 0, 9, 0, 0, 0, 0, 0, 0, 0, 0, 9
"c:\Users\gorka\workspace\WacLine\input\package.json", "JSON", 0, 0, 0, 0, 0, 118, 0, 0, 0, 0, 1, 119
"c:\Users\gorka\workspace\WacLine\input\tasks\build.js", "JavaScript", 0, 22, 0, 0, 0, 0, 0, 0, 0, 0, 2, 24
"c:\Users\gorka\workspace\WacLine\input\tasks\chromereload.js", "JavaScript", 0, 20, 0, 0, 0, 0, 0, 0, 0, 17, 6, 43
"c:\Users\gorka\workspace\WacLine\input\tasks\clean.js", "JavaScript", 0, 7, 0, 0, 0, 0, 0, 0, 0, 0, 1, 8
"c:\Users\gorka\workspace\WacLine\input\tasks\content.js", "JavaScript", 0, 9, 0, 0, 0, 0, 0, 0, 0, 0, 2, 11
"c:\Users\gorka\workspace\WacLine\input\tasks\default.js", "JavaScript", 0, 2, 0, 0, 0, 0, 0, 0, 0, 0, 2, 4
"c:\Users\gorka\workspace\WacLine\input\tasks\fonts.js", "JavaScript", 0, 9, 0, 0, 0, 0, 0, 0, 0, 0, 2, 11
"c:\Users\gorka\workspace\WacLine\input\tasks\images.js", "JavaScript", 0, 11, 0, 0, 0, 0, 0, 0, 0, 0, 2, 13
"c:\Users\gorka\workspace\WacLine\input\tasks\lib\applyBrowserPrefixesFor.js", "JavaScript", 0, 19, 0, 0, 0, 0, 0, 0, 0, 31, 4, 54
"c:\Users\gorka\workspace\WacLine\input\tasks\lib\args.js", "JavaScript", 0, 31, 0, 0, 0, 0, 0, 0, 0, 2, 10, 43
"c:\Users\gorka\workspace\WacLine\input\tasks\locales.js", "JavaScript", 0, 9, 0, 0, 0, 0, 0, 0, 0, 0, 2, 11
"c:\Users\gorka\workspace\WacLine\input\tasks\manifest.js", "JavaScript", 0, 45, 0, 0, 0, 0, 0, 0, 0, 0, 4, 49
"c:\Users\gorka\workspace\WacLine\input\tasks\pack.js", "JavaScript", 0, 28, 0, 0, 0, 0, 0, 0, 0, 0, 2, 30
"c:\Users\gorka\workspace\WacLine\input\tasks\pages.js", "JavaScript", 0, 9, 0, 0, 0, 0, 0, 0, 0, 0, 2, 11
"c:\Users\gorka\workspace\WacLine\input\tasks\scripts.js", "JavaScript", 0, 14, 0, 0, 0, 0, 0, 0, 0, 53, 2, 69
"c:\Users\gorka\workspace\WacLine\input\tasks\styles.js", "JavaScript", 0, 11, 0, 0, 0, 0, 0, 0, 0, 39, 1, 51
"c:\Users\gorka\workspace\WacLine\input\tasks\test.js", "JavaScript", 0, 7, 0, 0, 0, 0, 0, 0, 0, 5, 4, 16
"c:\Users\gorka\workspace\WacLine\input\tasks\version.js", "JavaScript", 0, 29, 0, 0, 0, 0, 0, 0, 0, 19, 6, 54
"Total", "-", 10842, 85667, 206, 18, 18, 316, 597, 906, 1973, 9570, 6003, 116116